make,model,year,mileage,fuel_type,transmission,engine_size,price
Mercedes,C-Class,2017,39105,Gasoline,Manual,3.2,20790
Toyota,Highlander,2016,117605,Hybrid,Automatic,2.7,5000
Kia,Optima,2019,87765,Hybrid,Manual,2.6,5160
Mercedes,S-Class,2018,141573,Electric,Manual,2.5,17566
Toyota,Highlander,2017,24825,Diesel,Automatic,2.6,5258
Hyundai,Elantra,2020,46483,Diesel,Automatic,3.3,11663
Nissan,Rogue,2019,43327,Hybrid,Manual,4.4,7673
Honda,Odyssey,2023,75325,Electric,Automatic,4.1,12046
Audi,Q7,2019,17520,Electric,Automatic,4.9,26615
Chevrolet,Equinox,2021,139234,Electric,Manual,2.1,8241
Nissan,Altima,2022,64674,Gasoline,Automatic,2.8,14056
Audi,A3,2015,14566,Hybrid,Manual,3.7,18494
Hyundai,Santa Fe,2017,104258,Electric,Automatic,1.6,5000
Nissan,Maxima,2016,81499,Hybrid,Manual,3.6,5000
Audi,A4,2020,45341,Gasoline,Automatic,3.3,23792
Kia,Forte,2020,67398,Hybrid,Automatic,3.0,8396
Mercedes,C-Class,2016,4308,Electric,Automatic,4.8,23271
Toyota,Highlander,2024,70622,Electric,Automatic,2.3,13837
Chevrolet,Silverado,2023,138643,Gasoline,Manual,4.1,9423
Hyundai,Elantra,2023,11228,Electric,Manual,1.5,15292
Hyundai,Tucson,2015,39302,Electric,Automatic,2.4,5000
Toyota,RAV4,2016,12842,Gasoline,Automatic,4.8,5415
Ford,Explorer,2023,8884,Gasoline,Manual,4.6,18210
Chevrolet,Equinox,2017,105814,Hybrid,Automatic,2.7,5000
Hyundai,Elantra,2021,89128,Gasoline,Automatic,3.7,8913
Mercedes,C-Class,2022,133913,Gasoline,Manual,2.1,22011
Mercedes,GLE,2023,50427,Hybrid,Automatic,2.6,28435
Toyota,Prius,2022,105087,Gasoline,Manual,3.3,9611
Chevrolet,Tahoe,2020,133802,Gasoline,Manual,4.9,5706
Toyota,Prius,2023,104578,Electric,Automatic,4.8,12675
Chevrolet,Equinox,2023,31739,Hybrid,Automatic,2.9,14320
Ford,Escape,2016,46542,Diesel,Manual,3.5,6127
Ford,Focus,2022,18671,Electric,Manual,3.7,12732
Nissan,Murano,2020,76024,Gasoline,Automatic,2.3,7831
Honda,Civic,2023,142845,Hybrid,Automatic,1.7,11269
Honda,Odyssey,2021,103401,Electric,Automatic,3.1,7141
Honda,Accord,2024,146883,Gasoline,Manual,3.3,11626
Toyota,Highlander,2021,121063,Electric,Automatic,3.8,9479
Nissan,Maxima,2021,84917,Diesel,Manual,1.6,8738
Kia,Forte,2015,45938,Electric,Manual,4.0,5000
Toyota,Camry,2023,36087,Electric,Manual,4.2,15695
Audi,A3,2016,125702,Electric,Automatic,4.4,16600
Nissan,Sentra,2015,11592,Hybrid,Automatic,4.3,5000
Nissan,Altima,2020,82920,Diesel,Automatic,4.5,8324
Ford,Focus,2018,107473,Gasoline,Manual,1.9,5375
Ford,Focus,2017,46117,Hybrid,Automatic,2.6,5000
Audi,A4,2020,39980,Diesel,Manual,2.7,27181
Kia,Soul,2020,42137,Electric,Manual,4.7,11996
Hyundai,Kona,2022,123563,Electric,Manual,4.8,9676
Ford,Mustang,2018,93717,Hybrid,Manual,4.1,5000
Nissan,Sentra,2021,137449,Hybrid,Automatic,2.3,7897
Nissan,Altima,2017,65601,Diesel,Manual,4.9,5000
Honda,Odyssey,2022,16777,Hybrid,Manual,3.3,13328
Hyundai,Kona,2019,118145,Gasoline,Automatic,4.3,6187
Nissan,Rogue,2024,114946,Gasoline,Manual,2.7,12290
Honda,Accord,2015,11182,Hybrid,Manual,2.7,6426
Ford,Focus,2017,140549,Electric,Manual,4.2,5000
Toyota,Prius,2016,26682,Gasoline,Automatic,3.8,6004
BMW,5 Series,2017,65754,Hybrid,Automatic,3.7,20436
Honda,Accord,2015,136439,Electric,Automatic,2.3,5000
Audi,A3,2020,108555,Electric,Manual,3.8,20752
Mercedes,E-Class,2017,134832,Diesel,Manual,3.0,17067
Audi,Q5,2015,106102,Gasoline,Automatic,4.6,16564
Kia,Forte,2020,103102,Gasoline,Automatic,4.7,6521
Toyota,Corolla,2019,52863,Diesel,Automatic,2.4,9502
Chevrolet,Equinox,2016,1580,Diesel,Manual,2.3,6930
Nissan,Maxima,2019,53026,Electric,Automatic,4.1,10244
Ford,F-150,2024,83160,Hybrid,Manual,2.1,12372
Mercedes,GLC,2022,31591,Hybrid,Automatic,2.0,30793
Hyundai,Santa Fe,2019,79238,Hybrid,Manual,4.1,7031
Ford,F-150,2019,65198,Gasoline,Manual,4.1,9722
Hyundai,Tucson,2021,14683,Gasoline,Manual,2.9,13418
Hyundai,Santa Fe,2021,70777,Electric,Manual,4.6,11041
Honda,Accord,2022,126119,Hybrid,Automatic,3.1,7725
Kia,Sorento,2020,19306,Hybrid,Manual,2.2,10582
Honda,CR-V,2019,93018,Diesel,Automatic,2.3,7268
Hyundai,Santa Fe,2018,9568,Electric,Automatic,4.3,7546
Kia,Optima,2016,79940,Hybrid,Manual,4.0,5000
Kia,Soul,2022,131369,Hybrid,Automatic,2.1,10253
Hyundai,Tucson,2020,32618,Hybrid,Manual,2.4,9421
Hyundai,Elantra,2015,97722,Hybrid,Automatic,3.8,5000
Audi,A4,2015,2448,Hybrid,Manual,3.0,18054
Audi,A4,2019,1995,Electric,Automatic,4.8,25350
Toyota,Corolla,2023,57387,Diesel,Manual,2.3,14900
Mercedes,GLE,2023,101604,Hybrid,Manual,2.0,28102
Ford,Focus,2021,127494,Gasoline,Manual,1.6,7380
Toyota,Camry,2023,91858,Diesel,Manual,1.5,14359
Nissan,Maxima,2016,12451,Gasoline,Automatic,3.7,5000
Mercedes,S-Class,2019,1658,Electric,Manual,3.2,27083
Mercedes,GLC,2017,46691,Diesel,Automatic,4.6,20300
Kia,Soul,2019,128792,Gasoline,Manual,4.5,6553
Toyota,RAV4,2018,119187,Gasoline,Automatic,4.6,5000
Mercedes,S-Class,2016,78068,Hybrid,Automatic,4.4,16333
Hyundai,Sonata,2017,108934,Gasoline,Automatic,4.9,5000
Toyota,Highlander,2017,78417,Hybrid,Manual,2.8,5113
Toyota,Corolla,2021,111734,Electric,Automatic,4.2,9318
Chevrolet,Malibu,2021,72011,Hybrid,Automatic,2.0,10060
Mercedes,GLE,2023,77899,Gasoline,Manual,4.1,29908
Audi,A6,2020,112323,Diesel,Manual,1.9,23071
Ford,Escape,2020,146281,Diesel,Automatic,4.4,5000
Toyota,RAV4,2023,18838,Diesel,Automatic,3.6,14626
Kia,Forte,2022,38754,Electric,Automatic,4.7,15159
Chevrolet,Impala,2019,73016,Electric,Manual,2.7,7947
Audi,A3,2023,103425,Electric,Automatic,3.5,27957
Nissan,Sentra,2015,122804,Hybrid,Manual,4.0,5000
Audi,A4,2023,52282,Gasoline,Manual,1.8,29226
Nissan,Altima,2021,80779,Hybrid,Automatic,1.9,8649
BMW,X5,2021,81802,Diesel,Manual,2.0,23812
Audi,A6,2017,5063,Gasoline,Automatic,4.9,23483
Toyota,RAV4,2017,29791,Gasoline,Manual,4.2,7161
Hyundai,Tucson,2018,143351,Electric,Manual,2.9,5000
Kia,Sportage,2017,14559,Diesel,Automatic,4.9,5639
BMW,X5,2020,34700,Diesel,Automatic,4.9,24655
Audi,A3,2023,37841,Hybrid,Automatic,4.2,29973
Audi,A3,2019,78947,Diesel,Manual,2.0,23287
BMW,X5,2024,107473,Diesel,Automatic,3.2,27537
Nissan,Rogue,2019,46570,Hybrid,Automatic,4.8,8608
Mercedes,E-Class,2018,84315,Hybrid,Manual,4.5,20561
Honda,Accord,2023,40900,Gasoline,Automatic,3.7,14148
Ford,Mustang,2022,51208,Diesel,Manual,1.8,12649
Nissan,Rogue,2016,92156,Gasoline,Automatic,3.0,5000
Audi,Q7,2021,139455,Diesel,Automatic,2.8,20324
Audi,A6,2016,117593,Gasoline,Automatic,1.6,14723
Mercedes,GLC,2016,100648,Electric,Manual,2.2,17743
Hyundai,Santa Fe,2023,70799,Diesel,Automatic,2.7,12072
Honda,Accord,2019,5984,Gasoline,Manual,3.6,12258
Honda,Accord,2015,133122,Diesel,Manual,1.8,5000
Audi,A3,2021,17742,Electric,Automatic,2.8,27294
Audi,A6,2022,51348,Gasoline,Automatic,2.5,26031
Kia,Sorento,2019,57228,Hybrid,Automatic,2.6,9678
Hyundai,Santa Fe,2023,18036,Gasoline,Automatic,2.0,14509
Toyota,RAV4,2018,48400,Electric,Automatic,2.3,7175
Hyundai,Elantra,2017,61137,Electric,Manual,4.4,5000
Mercedes,S-Class,2023,81998,Electric,Manual,3.3,28710
Kia,Forte,2022,1744,Gasoline,Automatic,4.6,15054
Toyota,Prius,2022,144464,Hybrid,Manual,4.6,9683
Hyundai,Santa Fe,2018,77212,Electric,Automatic,4.0,5818
Honda,CR-V,2016,52268,Gasoline,Manual,3.2,5000
Audi,A3,2021,104616,Gasoline,Manual,2.6,25497
BMW,3 Series,2019,45617,Diesel,Automatic,3.9,24639
Ford,Escape,2023,81372,Diesel,Manual,3.0,14798
Honda,Pilot,2024,90459,Electric,Automatic,3.2,12553
BMW,3 Series,2019,136191,Diesel,Manual,4.7,19269
Audi,A4,2018,16643,Diesel,Automatic,3.9,25023
Nissan,Maxima,2019,34225,Hybrid,Automatic,2.5,7395
Toyota,Prius,2019,41556,Gasoline,Automatic,3.3,8130
BMW,X5,2021,117585,Gasoline,Manual,4.6,21563
Kia,Forte,2020,73052,Hybrid,Manual,4.9,8097
Honda,Civic,2017,62009,Diesel,Manual,4.0,5249
Nissan,Murano,2015,100061,Diesel,Automatic,2.7,5000
Honda,Accord,2016,139770,Diesel,Automatic,4.1,5000
BMW,5 Series,2018,12865,Gasoline,Manual,1.8,24770
Hyundai,Elantra,2021,72578,Electric,Automatic,2.1,10214
BMW,7 Series,2018,146735,Hybrid,Manual,3.1,18354
Honda,Odyssey,2018,94390,Gasoline,Automatic,3.8,5000
Chevrolet,Impala,2016,102259,Electric,Automatic,3.9,5000
BMW,X3,2018,56327,Diesel,Manual,3.9,23333
BMW,5 Series,2016,6381,Electric,Manual,1.6,19225
Toyota,Camry,2018,24821,Gasoline,Automatic,3.4,9962
Mercedes,C-Class,2020,120538,Hybrid,Automatic,3.5,22557
Honda,Accord,2021,28601,Diesel,Automatic,2.2,11140
Honda,CR-V,2021,5232,Hybrid,Automatic,4.6,11753
Kia,Sportage,2024,132502,Hybrid,Manual,4.4,12618
Ford,Escape,2018,73210,Gasoline,Manual,4.0,6123
Honda,CR-V,2024,28539,Gasoline,Manual,4.9,17186
Honda,Pilot,2019,41403,Gasoline,Manual,2.3,10781
Toyota,Highlander,2018,46910,Hybrid,Manual,3.6,6744
Nissan,Maxima,2020,28017,Electric,Automatic,1.9,9595
Audi,A3,2019,56444,Diesel,Manual,3.8,21858
BMW,3 Series,2016,94951,Electric,Automatic,1.6,16720
Hyundai,Elantra,2023,101354,Diesel,Manual,4.9,13757
Hyundai,Tucson,2022,17672,Hybrid,Manual,3.6,14247
BMW,3 Series,2023,50734,Diesel,Manual,4.3,28384
Chevrolet,Silverado,2017,140479,Diesel,Manual,3.6,5000
Audi,Q7,2023,127673,Hybrid,Automatic,4.5,27539
Nissan,Murano,2020,123542,Gasoline,Automatic,2.2,7741
Honda,CR-V,2015,134303,Electric,Manual,2.4,5000
Chevrolet,Malibu,2020,5973,Diesel,Automatic,3.3,11042
Honda,Civic,2020,53612,Electric,Manual,4.1,11562
Hyundai,Sonata,2019,68086,Electric,Automatic,3.1,6758
BMW,7 Series,2018,143949,Hybrid,Automatic,3.3,18771
Ford,Escape,2018,4085,Diesel,Automatic,3.0,9815
Honda,CR-V,2024,122033,Electric,Manual,3.8,11121
Nissan,Maxima,2017,24315,Hybrid,Automatic,4.7,8535
BMW,X5,2019,63090,Diesel,Automatic,4.4,21192
Mercedes,S-Class,2024,10343,Diesel,Manual,2.6,34055
Chevrolet,Malibu,2016,51204,Electric,Manual,2.9,5618
Nissan,Murano,2015,22782,Electric,Manual,3.9,5708
Hyundai,Elantra,2024,99994,Electric,Automatic,3.1,14876
Nissan,Rogue,2016,17710,Gasoline,Manual,3.4,5332
BMW,3 Series,2017,40343,Hybrid,Manual,2.9,20884
Kia,Sportage,2016,50863,Gasoline,Manual,1.8,5000
Toyota,RAV4,2018,144703,Electric,Manual,2.9,5000
Nissan,Rogue,2023,41998,Electric,Manual,3.9,15846
Chevrolet,Silverado,2017,95473,Gasoline,Manual,4.6,5000
Toyota,RAV4,2021,121379,Diesel,Automatic,1.9,9002
Nissan,Rogue,2024,120198,Gasoline,Automatic,1.6,10601
Chevrolet,Tahoe,2021,7305,Diesel,Manual,2.3,14236
Kia,Sportage,2023,45901,Hybrid,Manual,3.3,14599
Kia,Forte,2017,96394,Hybrid,Automatic,4.6,5000
Honda,Pilot,2021,97188,Hybrid,Manual,4.4,10536
Chevrolet,Silverado,2018,90,Electric,Automatic,3.8,11195
Honda,Civic,2023,114538,Gasoline,Automatic,4.9,11605
Mercedes,C-Class,2023,93603,Hybrid,Automatic,2.1,28984
Mercedes,C-Class,2019,132300,Electric,Manual,3.9,20480
Kia,Soul,2019,45953,Electric,Automatic,1.7,8573
Hyundai,Santa Fe,2019,44103,Diesel,Automatic,1.6,8405
Honda,CR-V,2023,40736,Gasoline,Manual,1.6,14900
BMW,5 Series,2020,35078,Gasoline,Automatic,4.6,27022
Audi,A6,2020,128683,Hybrid,Automatic,3.6,21747
Nissan,Murano,2019,44707,Gasoline,Manual,3.8,7067
Toyota,Camry,2016,33220,Diesel,Automatic,4.1,5000
Chevrolet,Equinox,2023,2921,Electric,Automatic,3.3,18100
Audi,Q5,2017,141796,Diesel,Manual,4.0,16643
Kia,Sorento,2020,53839,Electric,Manual,3.8,8644
Nissan,Murano,2023,116997,Electric,Manual,1.9,12687
Honda,Accord,2020,124563,Diesel,Automatic,4.1,6602
Mercedes,S-Class,2015,37219,Diesel,Automatic,2.8,16323
BMW,5 Series,2024,111522,Gasoline,Manual,2.0,25927
Mercedes,GLE,2021,8403,Hybrid,Manual,4.2,27383
Honda,Civic,2017,65304,Electric,Manual,2.4,5000
Kia,Forte,2018,11238,Hybrid,Manual,3.5,10133
Chevrolet,Tahoe,2017,39124,Diesel,Automatic,2.7,6135
Ford,F-150,2018,83234,Electric,Automatic,1.6,5424
Chevrolet,Tahoe,2015,130790,Hybrid,Manual,4.5,5000
Toyota,Highlander,2016,110031,Electric,Automatic,1.6,5000
Nissan,Rogue,2022,58049,Diesel,Manual,4.9,13412
Mercedes,S-Class,2019,48131,Electric,Manual,1.7,24253
Nissan,Rogue,2018,105446,Hybrid,Automatic,4.0,5000
Chevrolet,Malibu,2018,4398,Diesel,Manual,3.8,7739
Toyota,RAV4,2017,140148,Gasoline,Manual,3.0,5000
Ford,Explorer,2018,50946,Diesel,Manual,3.5,5079
Hyundai,Santa Fe,2020,143346,Electric,Manual,4.0,7076
Kia,Forte,2015,95878,Electric,Automatic,2.8,5000
Honda,Odyssey,2024,125405,Gasoline,Automatic,1.5,13259
Chevrolet,Impala,2020,64886,Hybrid,Manual,4.6,7962
Audi,A6,2016,51890,Gasoline,Manual,3.5,20303
Hyundai,Sonata,2021,22692,Diesel,Manual,3.0,13212
BMW,7 Series,2016,125768,Diesel,Manual,1.7,14216
Toyota,Corolla,2024,1433,Hybrid,Automatic,1.7,19134
BMW,X5,2020,126970,Hybrid,Manual,3.8,20798
Hyundai,Sonata,2024,82562,Diesel,Automatic,4.9,15884
Ford,Explorer,2023,126673,Gasoline,Automatic,4.4,11679
Kia,Sportage,2023,93245,Diesel,Automatic,3.0,11188
Honda,CR-V,2022,56665,Electric,Automatic,2.7,11053
Audi,Q5,2015,1012,Hybrid,Automatic,4.4,18169
Honda,Pilot,2024,107070,Electric,Automatic,2.8,13420
BMW,7 Series,2020,32431,Diesel,Automatic,5.0,26074
Nissan,Sentra,2024,26668,Gasoline,Manual,2.8,18563
Toyota,RAV4,2020,132395,Hybrid,Automatic,3.3,6636
Toyota,Corolla,2023,11509,Diesel,Manual,3.0,14911
Honda,CR-V,2022,103140,Gasoline,Automatic,2.9,11549
Mercedes,C-Class,2017,107547,Electric,Manual,3.6,15873
BMW,3 Series,2019,25885,Gasoline,Manual,1.5,23772
Audi,A3,2022,130080,Diesel,Manual,3.9,24984
Nissan,Maxima,2022,139949,Diesel,Manual,1.6,8832
Hyundai,Sonata,2018,80925,Diesel,Automatic,2.2,5587
Chevrolet,Silverado,2020,94203,Gasoline,Automatic,4.8,7339
Honda,CR-V,2017,41713,Hybrid,Manual,3.3,7678
BMW,7 Series,2017,102226,Diesel,Manual,1.6,19367
Mercedes,GLC,2019,8094,Diesel,Automatic,4.7,26091
Chevrolet,Equinox,2022,103654,Diesel,Manual,2.3,10890
Nissan,Murano,2017,33656,Hybrid,Manual,2.7,5000
Nissan,Sentra,2017,129832,Electric,Automatic,4.6,5000
Nissan,Rogue,2016,41237,Hybrid,Manual,2.9,5000
BMW,X5,2024,98325,Hybrid,Automatic,3.5,26992
Honda,Civic,2019,44241,Hybrid,Automatic,4.1,7422
Hyundai,Tucson,2020,15530,Diesel,Manual,2.8,11941
Kia,Forte,2019,101904,Diesel,Manual,4.0,7372
Hyundai,Sonata,2017,17486,Hybrid,Manual,2.7,6325
Chevrolet,Silverado,2020,42678,Electric,Manual,2.4,10014
Nissan,Maxima,2022,105654,Hybrid,Manual,3.4,10301
Honda,Accord,2019,104144,Electric,Manual,4.3,7414
Hyundai,Santa Fe,2015,149950,Diesel,Automatic,3.6,5000
Ford,Escape,2021,84169,Diesel,Manual,2.7,10848
Kia,Forte,2021,23370,Hybrid,Automatic,2.4,14018
Nissan,Murano,2022,112329,Gasoline,Manual,1.7,8705
Kia,Forte,2017,45781,Hybrid,Automatic,2.9,5000
Nissan,Altima,2020,116272,Diesel,Automatic,3.6,5588
Ford,Focus,2019,124783,Diesel,Automatic,3.3,5000
Kia,Sorento,2021,128296,Hybrid,Automatic,1.6,9129
BMW,X5,2017,88803,Diesel,Manual,3.8,17197
Kia,Soul,2016,77218,Hybrid,Manual,3.6,5000
Hyundai,Santa Fe,2021,75321,Electric,Manual,2.0,12081
Chevrolet,Tahoe,2018,123290,Gasoline,Automatic,4.5,5000
Audi,Q7,2017,12386,Hybrid,Manual,4.7,23236
BMW,3 Series,2018,81584,Electric,Automatic,2.9,22122
Nissan,Murano,2021,18185,Diesel,Automatic,2.8,11351
Honda,Civic,2017,143110,Gasoline,Manual,4.7,5000
Audi,A6,2017,118916,Hybrid,Automatic,1.8,19035
Chevrolet,Impala,2021,74985,Diesel,Automatic,1.8,12072
Honda,Civic,2019,25065,Gasoline,Automatic,4.5,9925
Kia,Soul,2021,105035,Gasoline,Manual,3.0,7839
Kia,Sportage,2018,32832,Gasoline,Manual,2.3,6371
Audi,A6,2016,63753,Gasoline,Automatic,3.0,17416
Mercedes,S-Class,2015,60761,Gasoline,Automatic,4.6,15126
Mercedes,GLC,2022,140688,Hybrid,Manual,4.8,24875
Ford,Mustang,2016,5927,Gasoline,Automatic,4.1,6530
Chevrolet,Equinox,2019,106692,Diesel,Automatic,4.8,5000
BMW,X3,2021,108305,Diesel,Manual,2.3,21709
Ford,Mustang,2022,137797,Hybrid,Manual,2.4,8627
Nissan,Murano,2015,135107,Diesel,Manual,3.0,5000
Nissan,Rogue,2022,19196,Hybrid,Automatic,2.5,13911
Chevrolet,Impala,2015,124782,Gasoline,Automatic,2.9,5000
BMW,X3,2020,104397,Diesel,Manual,4.3,22420
BMW,7 Series,2024,65160,Hybrid,Automatic,2.9,31031
Hyundai,Santa Fe,2015,89106,Diesel,Manual,4.8,5000
Mercedes,GLC,2021,147108,Hybrid,Manual,4.9,22405
BMW,3 Series,2022,118778,Gasoline,Automatic,3.0,24436
Hyundai,Tucson,2022,111172,Electric,Automatic,4.8,11047
Nissan,Maxima,2018,132781,Hybrid,Automatic,2.1,5000
Nissan,Rogue,2016,53338,Gasoline,Automatic,1.6,5198
Mercedes,E-Class,2017,7779,Hybrid,Automatic,3.2,22259
Audi,Q7,2023,53348,Hybrid,Automatic,3.1,29892
Kia,Sorento,2018,37644,Hybrid,Manual,4.8,6342
Mercedes,GLC,2019,132905,Hybrid,Manual,4.9,19243
Honda,Civic,2017,40863,Diesel,Automatic,4.0,5690
Honda,CR-V,2020,861,Gasoline,Automatic,4.4,10806
Audi,A3,2023,146747,Electric,Manual,3.3,25629
Chevrolet,Malibu,2016,83688,Gasoline,Automatic,1.7,5000
Mercedes,GLE,2018,131228,Hybrid,Automatic,4.9,19937
BMW,7 Series,2023,16977,Gasoline,Automatic,3.8,30507
BMW,X3,2022,82092,Gasoline,Manual,3.4,26272
BMW,7 Series,2015,131310,Hybrid,Automatic,4.5,15430
Chevrolet,Tahoe,2024,75832,Electric,Automatic,4.8,13506
BMW,3 Series,2023,120446,Diesel,Manual,1.9,25091
Toyota,RAV4,2015,146556,Gasoline,Automatic,4.6,5000
Toyota,Prius,2020,93899,Diesel,Automatic,1.6,7348
Kia,Sorento,2015,28371,Gasoline,Manual,2.6,5000
Ford,Escape,2017,113557,Hybrid,Manual,4.3,5000
Audi,Q5,2016,141564,Diesel,Manual,4.2,14135
Ford,Focus,2024,130027,Diesel,Manual,3.5,12665
Audi,A3,2022,85807,Electric,Manual,2.8,27902
Ford,Explorer,2017,127083,Gasoline,Manual,3.9,5000
Ford,F-150,2018,145952,Hybrid,Manual,2.5,5000
Audi,Q5,2023,68276,Electric,Manual,3.1,28714
Toyota,Highlander,2016,38574,Diesel,Manual,3.3,5040
Kia,Sorento,2024,139340,Electric,Manual,4.1,10257
Kia,Optima,2023,117242,Electric,Manual,4.2,9502
BMW,3 Series,2015,47241,Gasoline,Automatic,1.8,19201
Honda,Odyssey,2019,130678,Gasoline,Automatic,3.1,5000
Honda,Civic,2017,69724,Diesel,Automatic,1.9,5000
Audi,A4,2017,141788,Gasoline,Automatic,1.6,15384
Toyota,Camry,2017,58092,Electric,Manual,3.3,5120
BMW,5 Series,2018,136907,Diesel,Automatic,4.4,17320
BMW,X5,2023,28748,Hybrid,Automatic,2.1,29392
Nissan,Maxima,2015,26193,Gasoline,Automatic,2.2,5000
Hyundai,Tucson,2022,805,Gasoline,Automatic,2.2,13524
Kia,Forte,2024,101173,Diesel,Automatic,2.3,14810
Kia,Sorento,2022,4616,Hybrid,Manual,3.3,14018
Honda,Accord,2016,106939,Diesel,Automatic,2.2,5000
Chevrolet,Silverado,2022,84271,Gasoline,Automatic,2.0,12766
Hyundai,Sonata,2018,82178,Diesel,Automatic,4.9,5000
Ford,Mustang,2021,97902,Electric,Manual,2.2,9795
Ford,Mustang,2022,10861,Diesel,Manual,2.9,16469
Kia,Soul,2015,36968,Diesel,Automatic,2.4,5000
Hyundai,Kona,2023,31494,Gasoline,Automatic,4.3,13498
Nissan,Sentra,2023,113883,Electric,Manual,4.9,10265
Nissan,Altima,2019,29448,Hybrid,Manual,4.4,8642
Mercedes,E-Class,2020,126716,Electric,Manual,3.5,22840
Hyundai,Santa Fe,2023,68624,Gasoline,Manual,3.8,12109
Chevrolet,Tahoe,2024,83033,Diesel,Automatic,3.8,15292
Kia,Soul,2018,65343,Gasoline,Automatic,2.4,6411
Honda,Accord,2016,105777,Hybrid,Automatic,2.7,5000
Chevrolet,Malibu,2024,132129,Diesel,Manual,2.4,9994
Ford,Focus,2019,76912,Gasoline,Automatic,1.6,6591
Chevrolet,Equinox,2021,49197,Gasoline,Automatic,4.1,9786
Audi,Q5,2017,79134,Electric,Automatic,4.8,19512
Chevrolet,Equinox,2024,134409,Hybrid,Automatic,4.5,12313
Nissan,Rogue,2017,87075,Hybrid,Manual,2.1,5000
Chevrolet,Silverado,2019,23068,Hybrid,Automatic,3.8,9939
Chevrolet,Equinox,2020,85814,Hybrid,Manual,2.3,8325
Chevrolet,Tahoe,2015,106744,Hybrid,Automatic,2.3,5000
Kia,Forte,2018,116925,Hybrid,Automatic,4.3,5000
Kia,Optima,2015,369,Electric,Manual,1.7,6853
Toyota,Corolla,2021,149928,Diesel,Manual,2.1,6674
Audi,A4,2022,117965,Electric,Automatic,1.8,24872
Chevrolet,Equinox,2023,28263,Gasoline,Manual,3.6,14207
BMW,7 Series,2015,22017,Gasoline,Manual,3.1,18793
Honda,CR-V,2016,104190,Hybrid,Automatic,3.0,5000
Honda,Pilot,2017,22043,Diesel,Automatic,4.2,5030
Nissan,Murano,2023,30592,Gasoline,Manual,2.1,14789
BMW,X3,2017,100821,Electric,Automatic,4.5,17510
Mercedes,E-Class,2019,126731,Diesel,Manual,4.0,21543
Toyota,Prius,2019,138046,Diesel,Manual,3.3,5000
Nissan,Sentra,2015,133224,Electric,Automatic,1.8,5000
Toyota,Highlander,2021,108386,Hybrid,Manual,2.3,7814
Chevrolet,Malibu,2017,72504,Electric,Manual,4.8,5000
BMW,X5,2017,70931,Gasoline,Manual,4.3,21350
Toyota,Prius,2022,75055,Hybrid,Automatic,3.7,13015
Hyundai,Sonata,2022,77667,Hybrid,Automatic,1.9,9871
Honda,Civic,2015,16804,Hybrid,Manual,1.9,5000
BMW,X5,2024,139258,Gasoline,Manual,1.8,24821
Mercedes,GLC,2018,28071,Hybrid,Manual,2.9,22979
Mercedes,GLC,2024,102944,Gasoline,Manual,3.8,26669
Honda,Accord,2016,27715,Gasoline,Manual,3.4,5824
Chevrolet,Malibu,2016,48659,Gasoline,Manual,2.6,5369
Kia,Forte,2020,74256,Gasoline,Manual,3.2,10105
Honda,Pilot,2023,109905,Electric,Automatic,3.5,11855
Kia,Sorento,2015,44997,Electric,Automatic,3.1,5000
Ford,Escape,2018,75768,Electric,Automatic,2.6,5043
Toyota,Camry,2021,81335,Hybrid,Automatic,2.0,8589
Ford,Mustang,2015,44918,Hybrid,Manual,4.8,5000
Audi,A6,2018,1899,Gasoline,Automatic,5.0,23392
Honda,CR-V,2020,95708,Hybrid,Manual,2.4,6245
Mercedes,C-Class,2023,30141,Hybrid,Manual,2.0,30061
Nissan,Rogue,2019,64418,Gasoline,Manual,1.6,8562
Hyundai,Elantra,2019,131556,Electric,Manual,2.3,6371
Honda,Civic,2023,130126,Hybrid,Automatic,1.6,10753
Hyundai,Sonata,2021,64039,Electric,Manual,1.7,10444
Toyota,Prius,2015,141492,Electric,Manual,3.5,5000
Audi,Q5,2019,140913,Electric,Manual,4.7,18619
Toyota,Camry,2019,28786,Electric,Automatic,2.4,7617
BMW,7 Series,2020,42575,Electric,Automatic,3.1,23386
Audi,Q5,2021,22638,Diesel,Automatic,3.9,28380
Chevrolet,Tahoe,2016,17403,Electric,Manual,3.1,7569
Toyota,Corolla,2015,125726,Gasoline,Manual,2.4,5000
Audi,A6,2023,118471,Gasoline,Automatic,1.5,24240
Mercedes,GLE,2017,30601,Gasoline,Manual,1.9,23255
Hyundai,Kona,2018,2261,Diesel,Automatic,4.0,10867
Mercedes,GLC,2022,96655,Electric,Automatic,4.3,25170
Chevrolet,Equinox,2017,59598,Gasoline,Automatic,2.9,5000
Kia,Sportage,2018,112165,Electric,Manual,3.6,5000
Hyundai,Tucson,2017,26678,Gasoline,Automatic,1.9,8208
Chevrolet,Silverado,2022,124007,Electric,Manual,2.2,8367
BMW,X5,2022,88205,Gasoline,Manual,2.3,27092
Audi,Q7,2021,135816,Diesel,Manual,4.8,20402
BMW,X5,2020,26504,Gasoline,Manual,2.4,25669
Nissan,Murano,2018,135362,Hybrid,Automatic,3.6,5000
Audi,A4,2015,89457,Gasoline,Manual,3.0,14519
Chevrolet,Malibu,2021,145067,Hybrid,Automatic,4.2,5846
Ford,Explorer,2020,125477,Electric,Manual,4.1,5000
Chevrolet,Tahoe,2020,21236,Hybrid,Automatic,2.5,11574
Toyota,Highlander,2024,99770,Electric,Automatic,4.4,15152
BMW,5 Series,2016,39178,Hybrid,Automatic,4.7,18724
Honda,CR-V,2015,142947,Gasoline,Automatic,2.4,5000
Mercedes,E-Class,2019,42265,Hybrid,Automatic,2.0,23409
Mercedes,GLC,2017,90909,Diesel,Manual,2.6,17076
Audi,Q5,2023,6155,Hybrid,Automatic,1.5,31021
Toyota,RAV4,2015,129824,Gasoline,Manual,4.3,5000
Ford,Focus,2017,17516,Gasoline,Manual,4.8,7348
Kia,Optima,2020,104395,Gasoline,Manual,4.5,6107
Nissan,Altima,2020,109762,Gasoline,Automatic,4.3,8703
BMW,3 Series,2015,1847,Electric,Manual,2.0,21166
Toyota,Corolla,2016,11647,Electric,Automatic,3.6,6551
Honda,Odyssey,2016,35908,Gasoline,Manual,2.3,5517
Ford,Focus,2021,84074,Diesel,Manual,2.6,11243
Audi,Q5,2021,4076,Gasoline,Automatic,3.3,28606
Audi,Q5,2018,67475,Diesel,Automatic,4.8,22960
Ford,F-150,2023,88631,Electric,Manual,3.0,11702
Hyundai,Elantra,2018,125407,Electric,Manual,2.7,5000
Nissan,Sentra,2020,26375,Hybrid,Automatic,4.3,11405
Honda,Pilot,2022,76900,Diesel,Automatic,4.3,11190
Kia,Forte,2023,52531,Electric,Manual,2.5,14101
Hyundai,Tucson,2022,14049,Diesel,Automatic,1.6,16376
Audi,Q7,2021,114974,Gasoline,Automatic,2.5,21980
Kia,Soul,2020,39473,Hybrid,Manual,4.3,11513
Ford,Escape,2024,82647,Hybrid,Automatic,3.0,15387
Mercedes,E-Class,2017,14435,Hybrid,Automatic,1.7,23384
BMW,X5,2015,113775,Gasoline,Automatic,4.6,16309
Nissan,Altima,2019,112893,Gasoline,Manual,2.5,6311
Kia,Forte,2015,138783,Gasoline,Automatic,3.1,5000
Ford,Focus,2024,127294,Hybrid,Manual,2.7,13253
Chevrolet,Silverado,2021,8563,Gasoline,Automatic,1.9,12104
Hyundai,Elantra,2015,80463,Diesel,Automatic,2.0,5000
Hyundai,Tucson,2020,54806,Electric,Automatic,2.3,9509
Audi,A4,2016,66648,Electric,Manual,3.5,19582
Hyundai,Kona,2018,68411,Diesel,Automatic,3.0,7972
BMW,X3,2016,4150,Hybrid,Automatic,2.2,21395
Kia,Forte,2022,143822,Hybrid,Automatic,2.1,7871
Mercedes,S-Class,2017,115933,Gasoline,Automatic,3.4,17182
Mercedes,C-Class,2021,14314,Gasoline,Automatic,2.0,30051
Ford,Mustang,2017,37010,Electric,Automatic,4.1,5000
Honda,Pilot,2015,140319,Diesel,Automatic,4.7,5000
Chevrolet,Tahoe,2024,128067,Diesel,Automatic,4.3,12149
BMW,7 Series,2017,80845,Electric,Manual,2.7,17848
Hyundai,Tucson,2018,24283,Diesel,Automatic,4.7,7543
Honda,CR-V,2020,74598,Electric,Manual,3.3,8719
Hyundai,Santa Fe,2021,57592,Electric,Automatic,1.5,10320
Ford,F-150,2015,4194,Hybrid,Manual,2.8,5313
Audi,Q7,2019,48910,Diesel,Manual,1.7,23865
Honda,Accord,2015,126660,Gasoline,Automatic,1.5,5000
Toyota,RAV4,2024,67281,Hybrid,Manual,3.1,15327
Kia,Optima,2020,113787,Gasoline,Automatic,2.0,5510
Mercedes,E-Class,2019,138437,Electric,Manual,2.8,18192
BMW,7 Series,2019,132478,Diesel,Manual,4.9,17992
Nissan,Altima,2024,35798,Electric,Automatic,3.6,15254
Honda,CR-V,2024,18902,Electric,Manual,4.9,17052
Toyota,Camry,2021,145125,Gasoline,Automatic,2.8,6099
BMW,X3,2020,94576,Hybrid,Manual,4.7,21941
Chevrolet,Tahoe,2021,70910,Gasoline,Automatic,3.0,11967
Nissan,Murano,2020,64378,Diesel,Automatic,1.7,8691
Audi,A3,2024,5237,Hybrid,Manual,3.5,31879
Hyundai,Santa Fe,2024,38742,Hybrid,Automatic,3.9,18268
Ford,Explorer,2021,116530,Hybrid,Manual,3.6,9624
Toyota,Corolla,2020,87653,Gasoline,Manual,2.4,6437
Audi,A3,2022,119710,Electric,Manual,2.5,25091
Honda,Pilot,2022,124905,Diesel,Manual,4.4,7917
Chevrolet,Equinox,2015,30204,Electric,Automatic,4.9,5392
Chevrolet,Malibu,2015,50876,Hybrid,Automatic,2.7,5000
Hyundai,Kona,2020,50970,Electric,Automatic,1.6,8778
Mercedes,GLC,2018,31285,Hybrid,Automatic,4.9,22917
Honda,Civic,2017,105464,Hybrid,Manual,2.0,5000
BMW,X3,2017,33352,Diesel,Manual,3.1,22716
Hyundai,Kona,2018,3225,Diesel,Manual,4.3,8891
Honda,Pilot,2021,82888,Electric,Manual,2.3,9474
Honda,Accord,2023,94294,Electric,Manual,5.0,11651
BMW,3 Series,2024,100731,Gasoline,Manual,3.7,29457
Kia,Optima,2019,55569,Gasoline,Manual,3.4,6875
Kia,Sorento,2016,19097,Gasoline,Manual,2.0,5000
Honda,Accord,2020,31936,Electric,Manual,4.0,9942
Chevrolet,Malibu,2020,87762,Hybrid,Manual,2.3,8790
Hyundai,Kona,2018,107151,Gasoline,Manual,4.0,5399
Honda,Civic,2015,21071,Hybrid,Automatic,5.0,5698
Ford,Focus,2021,115794,Hybrid,Manual,4.6,9062
Audi,A3,2016,130758,Hybrid,Automatic,2.4,16067
Mercedes,GLE,2021,149720,Hybrid,Manual,3.7,19991
Hyundai,Elantra,2020,97251,Hybrid,Automatic,4.6,7419
BMW,X3,2016,64195,Gasoline,Automatic,4.0,20035
Hyundai,Kona,2020,141853,Diesel,Manual,2.1,5848
Nissan,Altima,2017,146387,Hybrid,Manual,1.9,5000
Mercedes,C-Class,2016,110430,Diesel,Automatic,2.4,16847
Honda,Civic,2016,60394,Gasoline,Automatic,2.0,5000
Nissan,Maxima,2016,102613,Electric,Automatic,2.5,5000
Hyundai,Kona,2016,70390,Electric,Manual,4.1,5000
Hyundai,Kona,2016,66407,Diesel,Automatic,2.2,5000
Ford,Mustang,2017,145438,Electric,Manual,5.0,5000
Kia,Sportage,2024,67850,Hybrid,Automatic,4.1,16925
Ford,Mustang,2022,132910,Electric,Automatic,3.1,9639
Hyundai,Tucson,2017,7002,Gasoline,Manual,4.8,8434
Audi,A4,2017,90417,Diesel,Automatic,4.2,17097
Ford,Focus,2021,17936,Electric,Automatic,4.8,13872
BMW,3 Series,2021,49747,Gasoline,Automatic,1.6,27823
Honda,Accord,2015,128819,Diesel,Manual,4.8,5000
Mercedes,GLE,2024,112326,Hybrid,Manual,1.7,29213
BMW,7 Series,2020,125214,Diesel,Automatic,3.5,21594
Kia,Sorento,2021,23441,Electric,Manual,1.6,14233
Chevrolet,Malibu,2016,102224,Hybrid,Manual,2.8,5000
Audi,A4,2019,113062,Electric,Manual,2.8,18944
Ford,Focus,2015,15922,Gasoline,Automatic,1.8,5185
Hyundai,Sonata,2021,124105,Electric,Automatic,4.2,6204
BMW,7 Series,2021,97956,Diesel,Automatic,3.3,24048
Kia,Soul,2019,34935,Hybrid,Automatic,3.0,9472
Honda,CR-V,2018,53569,Electric,Automatic,4.9,7915
Kia,Forte,2020,6944,Electric,Manual,1.6,12088
Honda,Civic,2024,104990,Diesel,Manual,2.7,13073
Kia,Sorento,2018,22658,Electric,Automatic,1.7,8123
Honda,Pilot,2024,43819,Electric,Manual,4.7,14703
Mercedes,E-Class,2020,75663,Hybrid,Automatic,1.9,25159
Nissan,Rogue,2023,109753,Electric,Manual,2.8,9526
Hyundai,Sonata,2019,133559,Hybrid,Manual,2.0,5000
Hyundai,Sonata,2021,140339,Hybrid,Manual,4.7,6993
Kia,Optima,2017,147275,Diesel,Automatic,2.2,5000
Honda,CR-V,2019,1536,Hybrid,Manual,4.9,11607
BMW,3 Series,2015,116302,Diesel,Manual,3.8,16009
Chevrolet,Impala,2024,27359,Diesel,Automatic,1.9,16339
Kia,Forte,2017,48,Hybrid,Manual,4.9,9413
Kia,Forte,2016,121506,Diesel,Manual,4.2,5000
Kia,Sorento,2020,8449,Gasoline,Automatic,2.0,10782
Hyundai,Sonata,2020,134415,Diesel,Manual,4.8,7232
Audi,A4,2020,12739,Electric,Automatic,2.1,26162
Nissan,Murano,2016,132597,Gasoline,Manual,3.8,5000
Honda,Odyssey,2022,145036,Gasoline,Manual,4.2,6619
Kia,Optima,2017,114559,Gasoline,Automatic,4.2,5000
Nissan,Rogue,2023,147192,Hybrid,Manual,3.0,9892
Nissan,Altima,2023,58712,Gasoline,Manual,3.8,15654
BMW,X3,2017,17571,Gasoline,Automatic,1.7,22489
Kia,Optima,2022,118270,Diesel,Automatic,4.7,10069
Honda,Civic,2019,51932,Gasoline,Manual,4.3,9436
Mercedes,E-Class,2015,86549,Hybrid,Automatic,4.1,16575
Ford,Escape,2017,88658,Diesel,Manual,2.9,5502
Toyota,RAV4,2022,80010,Gasoline,Automatic,4.6,9520
Chevrolet,Tahoe,2024,82951,Electric,Automatic,2.0,15030
Kia,Soul,2024,77302,Diesel,Automatic,1.7,16120
Kia,Soul,2020,49138,Gasoline,Manual,2.1,11447
Ford,Mustang,2019,15519,Diesel,Manual,3.8,11519
Chevrolet,Impala,2024,91553,Hybrid,Manual,2.1,12535
Kia,Sorento,2020,79490,Hybrid,Manual,4.9,7760
Ford,Focus,2016,11406,Electric,Automatic,3.9,5000
Ford,Escape,2016,115944,Gasoline,Automatic,2.4,5000
Nissan,Rogue,2019,90876,Gasoline,Automatic,2.7,6993
Mercedes,S-Class,2018,43721,Gasoline,Automatic,4.1,23870
Chevrolet,Equinox,2024,118683,Gasoline,Manual,4.8,12695
Audi,Q7,2016,146975,Diesel,Automatic,2.4,13057
Audi,Q5,2018,148880,Electric,Manual,3.3,18447
Audi,Q7,2023,51428,Diesel,Manual,3.9,27667
BMW,X3,2019,73310,Diesel,Manual,1.8,22087
Chevrolet,Equinox,2021,40182,Hybrid,Manual,3.2,12374
BMW,X5,2024,92274,Electric,Manual,3.7,27252
Chevrolet,Equinox,2016,127398,Diesel,Manual,4.8,5000
BMW,3 Series,2017,87466,Gasoline,Manual,3.0,17263
Audi,Q5,2015,143389,Gasoline,Automatic,2.0,14375
BMW,5 Series,2015,51225,Diesel,Automatic,4.2,18181
BMW,7 Series,2016,126440,Diesel,Manual,2.3,13830
Ford,Explorer,2020,71840,Gasoline,Automatic,3.4,9428
Audi,Q7,2017,111038,Hybrid,Automatic,1.7,18691
Chevrolet,Impala,2020,90954,Gasoline,Automatic,4.3,6531
Kia,Sportage,2018,91626,Hybrid,Manual,1.8,5000
Hyundai,Tucson,2023,25695,Hybrid,Automatic,3.9,14796
Chevrolet,Silverado,2021,143845,Gasoline,Automatic,3.2,8577
Kia,Sportage,2022,138936,Hybrid,Automatic,2.0,7988
Honda,Civic,2020,56788,Electric,Manual,3.1,8999
BMW,X5,2021,74556,Electric,Automatic,1.5,25528
Audi,A3,2020,138402,Electric,Automatic,1.9,19618
BMW,7 Series,2018,43410,Hybrid,Manual,2.2,21362
Kia,Forte,2022,16638,Hybrid,Automatic,2.3,15784
Chevrolet,Equinox,2020,66511,Electric,Automatic,3.5,10700
Chevrolet,Equinox,2019,12137,Gasoline,Manual,4.4,12352
Ford,Mustang,2015,86324,Diesel,Manual,2.6,5000
BMW,7 Series,2021,31167,Diesel,Manual,2.7,25448
Audi,Q5,2021,64821,Hybrid,Automatic,2.8,26292
Ford,Escape,2023,83745,Diesel,Automatic,4.2,14523
Honda,Pilot,2016,61986,Diesel,Automatic,4.6,5000
Kia,Forte,2024,1966,Gasoline,Automatic,3.1,19786
Ford,Focus,2015,119754,Electric,Manual,4.8,5000
Chevrolet,Malibu,2018,4184,Hybrid,Automatic,3.3,7343
Chevrolet,Impala,2023,38897,Gasoline,Automatic,1.6,13429
Mercedes,S-Class,2021,43487,Electric,Manual,2.8,26549
Audi,A3,2021,146395,Hybrid,Automatic,2.0,21565
Nissan,Altima,2016,54708,Electric,Automatic,1.5,5000
Honda,Pilot,2015,145756,Gasoline,Manual,2.1,5000
Nissan,Sentra,2016,132167,Diesel,Manual,4.9,5000
Kia,Forte,2015,62866,Diesel,Automatic,4.5,5000
Nissan,Altima,2024,112042,Electric,Manual,4.6,11236
Audi,A3,2024,138126,Electric,Automatic,2.4,26812
Chevrolet,Tahoe,2019,119158,Electric,Automatic,2.9,5000
Kia,Sorento,2020,73837,Diesel,Automatic,2.9,10328
Ford,F-150,2015,27633,Electric,Automatic,2.2,5000
Mercedes,GLC,2016,68621,Gasoline,Manual,2.0,16979
Ford,Focus,2024,134119,Electric,Manual,3.7,12293
Chevrolet,Malibu,2015,19585,Gasoline,Automatic,3.6,5000
Chevrolet,Tahoe,2021,78466,Gasoline,Automatic,2.8,9355
BMW,X3,2020,78687,Electric,Automatic,4.0,23983
Mercedes,E-Class,2018,44386,Electric,Automatic,2.1,21059
Mercedes,GLE,2016,69436,Electric,Automatic,2.4,18852
Mercedes,S-Class,2015,71458,Diesel,Manual,1.7,14746
Chevrolet,Impala,2022,73549,Hybrid,Automatic,1.7,11780
Hyundai,Santa Fe,2019,124623,Hybrid,Automatic,4.1,5000
Toyota,Highlander,2023,102438,Electric,Manual,2.9,11425
Kia,Forte,2024,90392,Gasoline,Automatic,3.0,12023
Chevrolet,Tahoe,2024,19581,Diesel,Automatic,2.9,19371
Ford,Escape,2023,64919,Electric,Manual,4.4,14089
Mercedes,C-Class,2023,58665,Electric,Manual,2.8,28441
Chevrolet,Impala,2024,145647,Electric,Automatic,3.4,10488
Mercedes,GLE,2020,110229,Gasoline,Automatic,3.2,21186
Mercedes,GLE,2020,17999,Electric,Manual,2.8,24936
Honda,Civic,2023,5199,Diesel,Automatic,4.0,16341
Ford,Focus,2024,83765,Hybrid,Automatic,3.1,12908
Audi,Q7,2024,4590,Gasoline,Automatic,1.6,35261
Hyundai,Kona,2020,135641,Electric,Manual,3.2,5000
BMW,7 Series,2018,57569,Hybrid,Automatic,2.7,23579
BMW,5 Series,2018,73234,Electric,Automatic,2.5,22074
Toyota,Corolla,2015,139324,Diesel,Manual,2.2,5000
Hyundai,Santa Fe,2016,19566,Gasoline,Manual,2.2,5209
Toyota,RAV4,2017,141921,Electric,Automatic,2.5,5000
Kia,Sorento,2020,74642,Hybrid,Automatic,2.0,8572
BMW,3 Series,2023,17161,Electric,Automatic,4.5,30611
Nissan,Maxima,2019,146606,Hybrid,Manual,2.1,5351
Honda,Civic,2015,111192,Gasoline,Manual,3.7,5000
Toyota,Corolla,2020,25390,Hybrid,Manual,2.6,12780
Honda,CR-V,2016,8734,Electric,Manual,4.3,7134
Kia,Forte,2022,55654,Electric,Manual,3.9,12624
Honda,Odyssey,2019,27267,Diesel,Manual,1.6,11079
Ford,Escape,2024,31876,Electric,Manual,1.5,16325
Kia,Sorento,2020,134127,Electric,Automatic,3.6,6567
Hyundai,Sonata,2016,133785,Electric,Manual,4.7,5000
Toyota,Camry,2023,7103,Electric,Manual,1.8,18244
Kia,Optima,2022,109604,Diesel,Manual,2.9,9933
Kia,Sportage,2021,116683,Diesel,Automatic,2.5,8468
BMW,X5,2015,62971,Electric,Automatic,4.6,16058
Honda,CR-V,2020,130310,Electric,Manual,3.9,6721
Audi,A4,2019,25044,Diesel,Automatic,4.4,26427
Nissan,Rogue,2015,2188,Electric,Manual,3.7,5000
BMW,5 Series,2017,4484,Gasoline,Automatic,3.6,23776
Toyota,Camry,2020,61997,Gasoline,Manual,3.5,11155
Honda,Civic,2024,79107,Gasoline,Automatic,4.2,13993
Chevrolet,Equinox,2019,108520,Hybrid,Manual,3.8,6956
Ford,Explorer,2024,85187,Diesel,Automatic,3.3,12922
Honda,Accord,2018,141873,Diesel,Manual,5.0,5000
Nissan,Altima,2021,119908,Electric,Manual,3.4,6932
Mercedes,GLE,2018,60441,Hybrid,Automatic,2.4,22038
Kia,Forte,2018,1254,Diesel,Automatic,2.9,8908
Chevrolet,Malibu,2024,9857,Electric,Automatic,4.4,17516
Toyota,Camry,2024,93918,Hybrid,Manual,2.9,15437
Kia,Sorento,2019,29687,Electric,Automatic,4.5,11403
Audi,Q5,2015,44822,Electric,Automatic,3.1,18618
Ford,Explorer,2023,127252,Hybrid,Manual,2.5,11482
BMW,X3,2021,74516,Gasoline,Automatic,1.8,24701
Audi,A4,2024,98614,Diesel,Automatic,3.0,29489
Hyundai,Tucson,2018,138680,Hybrid,Automatic,4.1,5000
BMW,5 Series,2015,102827,Electric,Manual,1.7,15536
Chevrolet,Tahoe,2024,97179,Hybrid,Manual,3.7,12406
Honda,Pilot,2024,75562,Gasoline,Automatic,3.8,14486
Mercedes,GLC,2018,70652,Gasoline,Automatic,2.5,22016
Ford,Mustang,2022,130799,Diesel,Automatic,2.3,8216
Mercedes,GLC,2017,113471,Gasoline,Automatic,2.1,18735
BMW,5 Series,2024,85744,Electric,Automatic,1.8,31143
Ford,Focus,2024,125674,Hybrid,Automatic,3.7,12133
Nissan,Sentra,2022,7183,Diesel,Automatic,1.8,16520
Toyota,RAV4,2018,100115,Diesel,Automatic,3.3,5182
Toyota,Highlander,2017,19841,Gasoline,Automatic,3.5,7084
Honda,Accord,2016,122124,Gasoline,Manual,2.2,5000
Ford,Explorer,2019,139878,Diesel,Manual,1.9,5000
Audi,A4,2016,34678,Diesel,Manual,2.9,20423
BMW,X3,2024,64608,Diesel,Automatic,1.7,29156
Hyundai,Elantra,2022,68002,Electric,Automatic,1.7,10412
Kia,Sorento,2021,71095,Electric,Automatic,3.4,10066
Nissan,Rogue,2015,18877,Electric,Automatic,1.9,5000
BMW,7 Series,2020,74676,Hybrid,Manual,2.9,25473
Mercedes,C-Class,2015,101041,Hybrid,Automatic,4.5,14604
Toyota,Highlander,2022,66556,Diesel,Manual,3.0,10921
Toyota,RAV4,2022,19166,Gasoline,Manual,4.1,15309
BMW,5 Series,2019,28896,Diesel,Manual,3.3,23196
Audi,Q5,2018,143421,Electric,Manual,2.3,17590
Honda,CR-V,2015,80025,Gasoline,Automatic,2.7,5000
Kia,Soul,2017,73301,Hybrid,Automatic,4.4,5332
BMW,5 Series,2023,84640,Gasoline,Automatic,3.7,26970
Honda,CR-V,2019,81556,Hybrid,Manual,1.5,6125
Kia,Sportage,2016,85278,Gasoline,Automatic,2.3,5000
Chevrolet,Malibu,2018,65579,Gasoline,Manual,2.2,7883
Chevrolet,Silverado,2024,65914,Electric,Automatic,4.5,15305
Ford,Mustang,2023,148627,Hybrid,Automatic,3.0,9637
Ford,Focus,2015,143038,Hybrid,Automatic,4.3,5000
Ford,F-150,2019,100803,Diesel,Manual,2.7,5000
Hyundai,Tucson,2021,105252,Diesel,Automatic,3.0,8331
Mercedes,GLE,2018,58835,Gasoline,Automatic,3.2,20628
Audi,A6,2019,45718,Electric,Automatic,4.9,25393
Chevrolet,Impala,2019,114040,Hybrid,Automatic,2.9,5846
Mercedes,C-Class,2023,54055,Electric,Manual,2.0,27303
Hyundai,Tucson,2018,98901,Gasoline,Automatic,4.3,5000
Honda,Odyssey,2021,69426,Diesel,Manual,4.1,10396
Ford,Escape,2015,22665,Electric,Automatic,1.9,5387
Toyota,Highlander,2016,2157,Diesel,Automatic,3.3,6104
Chevrolet,Equinox,2018,70224,Gasoline,Automatic,3.8,7109
Chevrolet,Silverado,2020,66439,Electric,Automatic,2.4,9754
Toyota,Prius,2021,114701,Electric,Manual,3.5,6347
Hyundai,Santa Fe,2019,120280,Diesel,Automatic,4.1,5234
Audi,A4,2019,59356,Diesel,Manual,4.4,21551
Audi,A4,2018,46980,Diesel,Manual,4.7,23713
Toyota,Highlander,2022,102896,Gasoline,Automatic,4.7,10287
Hyundai,Elantra,2023,23917,Hybrid,Automatic,2.5,14533
Toyota,Camry,2015,108573,Electric,Automatic,4.6,5000
Chevrolet,Equinox,2019,68796,Diesel,Manual,2.4,9393
Kia,Sorento,2020,67063,Gasoline,Automatic,2.5,10176
Hyundai,Elantra,2022,38990,Electric,Manual,1.9,15261
BMW,5 Series,2024,118128,Diesel,Automatic,4.5,26481
Hyundai,Kona,2017,95058,Hybrid,Automatic,4.9,5000
BMW,X5,2017,54176,Electric,Manual,4.0,19088
Kia,Forte,2021,85434,Hybrid,Manual,4.0,10430
Audi,Q7,2018,99577,Electric,Automatic,3.8,19378
Ford,F-150,2016,31937,Gasoline,Manual,2.9,6437
BMW,X5,2022,106685,Hybrid,Automatic,2.7,23949
Chevrolet,Silverado,2016,61159,Gasoline,Manual,4.2,5000
Toyota,Highlander,2020,86092,Hybrid,Manual,3.9,9568
Toyota,RAV4,2022,122567,Electric,Automatic,4.8,10277
Toyota,Camry,2019,129492,Electric,Automatic,4.4,5000
Audi,Q5,2023,3124,Electric,Manual,5.0,32078
Chevrolet,Malibu,2020,112646,Gasoline,Manual,1.9,7551
Mercedes,GLC,2023,57935,Diesel,Manual,4.4,29917
Ford,Focus,2021,76800,Diesel,Automatic,4.0,10472
Ford,Explorer,2023,71348,Electric,Automatic,1.7,13313
Audi,Q7,2018,89626,Gasoline,Automatic,2.9,20146
Audi,Q7,2021,104076,Electric,Manual,4.3,22644
Hyundai,Sonata,2017,65759,Diesel,Automatic,1.9,5221
Audi,A4,2015,133076,Hybrid,Manual,4.8,14841
Toyota,Highlander,2024,32160,Gasoline,Automatic,2.1,15013
Kia,Forte,2018,139933,Electric,Manual,4.9,5000
Ford,Mustang,2024,66505,Gasoline,Manual,3.3,16703
Mercedes,S-Class,2017,108092,Electric,Manual,2.4,15933
Chevrolet,Silverado,2024,34590,Gasoline,Automatic,4.4,17606
Toyota,RAV4,2022,28812,Diesel,Automatic,1.8,15040
BMW,5 Series,2018,45788,Diesel,Manual,4.5,20626
Audi,Q7,2023,16336,Diesel,Manual,2.9,32585
Mercedes,GLC,2019,46703,Hybrid,Automatic,4.5,22837
Chevrolet,Silverado,2021,4553,Diesel,Automatic,4.2,14823
Chevrolet,Malibu,2021,53361,Hybrid,Automatic,1.9,11120
Nissan,Sentra,2017,49607,Diesel,Manual,1.5,6497
Kia,Sportage,2018,148370,Hybrid,Automatic,3.5,5000
Honda,Pilot,2020,120481,Electric,Manual,2.7,7717
Audi,A4,2017,8625,Diesel,Automatic,3.5,21433
Audi,Q7,2020,108851,Hybrid,Automatic,1.6,21332
Nissan,Maxima,2016,112793,Diesel,Automatic,4.4,5000
Chevrolet,Equinox,2023,89344,Electric,Automatic,1.8,10546
Audi,Q7,2020,91089,Gasoline,Manual,1.8,23431
Chevrolet,Tahoe,2015,112391,Diesel,Manual,4.8,5000
Honda,Accord,2020,26583,Gasoline,Automatic,4.4,12395
Mercedes,S-Class,2017,137961,Hybrid,Manual,4.1,15656
Ford,F-150,2020,105964,Diesel,Automatic,2.1,6831
Chevrolet,Malibu,2022,9103,Hybrid,Automatic,2.7,14436
Audi,Q5,2021,78928,Gasoline,Automatic,2.7,26481
Audi,A4,2017,104191,Electric,Automatic,3.1,18378
BMW,X5,2023,71163,Hybrid,Automatic,2.4,26536
Honda,Odyssey,2017,3072,Hybrid,Automatic,3.4,8104
Mercedes,S-Class,2016,110784,Hybrid,Manual,1.7,15791
Honda,Odyssey,2016,141328,Diesel,Automatic,4.5,5000
Audi,Q5,2016,92197,Diesel,Manual,4.4,15356
Hyundai,Sonata,2017,66560,Gasoline,Manual,3.5,5000
Mercedes,C-Class,2015,135240,Electric,Manual,2.2,11499
Audi,Q7,2024,109862,Gasoline,Automatic,4.4,26030
Nissan,Maxima,2023,105289,Hybrid,Automatic,2.1,11769
Mercedes,GLC,2015,69756,Hybrid,Manual,2.7,16711
Ford,Escape,2015,60523,Hybrid,Manual,3.9,5000
Mercedes,C-Class,2023,53448,Diesel,Manual,4.5,27633
Ford,Mustang,2016,129129,Electric,Automatic,3.2,5000
Nissan,Murano,2017,118343,Gasoline,Manual,2.9,5000
Honda,Pilot,2018,29360,Gasoline,Manual,5.0,7893
Kia,Sportage,2020,20914,Electric,Automatic,3.0,10471
Nissan,Altima,2019,73096,Hybrid,Manual,3.1,7164
Mercedes,GLC,2015,73336,Gasoline,Manual,1.9,15543
Kia,Forte,2022,116908,Hybrid,Automatic,2.2,9111
Hyundai,Santa Fe,2016,83770,Diesel,Automatic,4.8,5000
Chevrolet,Equinox,2024,63908,Gasoline,Manual,2.7,14939
Chevrolet,Equinox,2020,17905,Electric,Automatic,1.6,12734
Hyundai,Elantra,2021,87534,Hybrid,Automatic,3.4,11113
Audi,A4,2018,137391,Electric,Manual,1.8,16241
Toyota,Prius,2017,49865,Gasoline,Manual,4.7,5911
BMW,5 Series,2018,87611,Gasoline,Automatic,1.6,18148
Kia,Forte,2022,121134,Hybrid,Manual,5.0,10789
Toyota,Corolla,2022,108597,Electric,Manual,4.5,10365
Chevrolet,Equinox,2019,59373,Gasoline,Automatic,1.6,9506
Nissan,Rogue,2015,117918,Diesel,Automatic,1.8,5000
Chevrolet,Tahoe,2021,132613,Diesel,Manual,3.1,5647
Audi,Q7,2021,101895,Gasoline,Manual,4.7,21937
Mercedes,C-Class,2023,118475,Hybrid,Manual,4.8,24701
Mercedes,GLE,2024,121748,Gasoline,Automatic,4.9,28006
Honda,CR-V,2015,69754,Gasoline,Automatic,4.1,5000
Kia,Sportage,2016,109178,Diesel,Manual,1.6,5000
Chevrolet,Silverado,2016,34008,Electric,Automatic,1.8,5301
Kia,Optima,2017,85416,Diesel,Manual,3.0,5000
Kia,Optima,2022,141517,Diesel,Automatic,2.6,7642
Mercedes,E-Class,2017,71683,Electric,Manual,4.1,18122
Kia,Sportage,2016,107301,Hybrid,Manual,2.9,5000
Kia,Optima,2021,35155,Electric,Manual,4.2,13612
Ford,Focus,2019,11193,Hybrid,Automatic,3.7,10939
Nissan,Maxima,2017,74097,Hybrid,Manual,1.9,5000
Kia,Sorento,2022,93713,Electric,Manual,4.5,10278
Hyundai,Tucson,2018,65756,Hybrid,Automatic,4.6,5110
Toyota,Camry,2016,87877,Hybrid,Manual,3.4,5000
Nissan,Sentra,2019,54270,Diesel,Manual,4.0,8958
Audi,Q5,2018,4123,Hybrid,Automatic,3.0,25659
Hyundai,Santa Fe,2019,71218,Gasoline,Manual,2.5,7774
Ford,Escape,2015,127777,Electric,Manual,4.0,5000
Kia,Soul,2017,34069,Hybrid,Automatic,2.5,7624
Nissan,Murano,2023,148474,Diesel,Automatic,1.9,10016
Chevrolet,Tahoe,2017,6040,Diesel,Manual,4.6,7877
Toyota,RAV4,2018,18621,Electric,Manual,3.4,9307
BMW,X5,2019,145484,Electric,Manual,2.5,20472
Honda,Odyssey,2023,73480,Gasoline,Manual,4.0,14443
Mercedes,C-Class,2016,127882,Electric,Manual,1.9,16323
BMW,X5,2019,103414,Gasoline,Manual,2.0,19412
Nissan,Sentra,2017,131404,Hybrid,Manual,2.9,5000
BMW,7 Series,2015,62287,Hybrid,Automatic,2.3,18305
Honda,Odyssey,2017,60449,Hybrid,Automatic,4.6,5616
BMW,7 Series,2015,108620,Gasoline,Automatic,3.5,14276
BMW,5 Series,2024,82501,Diesel,Automatic,2.2,27790
Kia,Optima,2020,14860,Diesel,Manual,2.6,11020
Hyundai,Tucson,2021,15840,Hybrid,Manual,4.9,15097
Honda,CR-V,2024,29153,Electric,Manual,3.9,17419
Ford,Escape,2015,105567,Diesel,Automatic,2.3,5000
Nissan,Altima,2021,40962,Diesel,Automatic,4.5,13430
Mercedes,GLE,2016,38036,Hybrid,Automatic,2.4,19935
Chevrolet,Silverado,2022,98351,Electric,Automatic,1.7,12015
Toyota,Corolla,2022,76817,Diesel,Automatic,1.6,11374
Audi,A6,2020,27438,Gasoline,Automatic,2.4,25175
Hyundai,Santa Fe,2017,106844,Hybrid,Automatic,4.2,5000
Honda,Pilot,2018,124971,Diesel,Manual,1.9,5000
Ford,F-150,2022,21538,Electric,Automatic,4.6,14838
Toyota,Highlander,2018,140373,Diesel,Automatic,4.1,5000
Nissan,Murano,2015,144943,Electric,Manual,3.1,5000
Audi,A4,2016,137421,Diesel,Automatic,2.8,16188
Honda,Civic,2017,12282,Hybrid,Manual,3.7,8600
Honda,CR-V,2017,110779,Gasoline,Automatic,2.7,5000
Ford,Focus,2016,20131,Hybrid,Manual,2.8,6082
Chevrolet,Equinox,2015,43673,Gasoline,Manual,3.8,5000
Chevrolet,Silverado,2016,99725,Electric,Manual,4.4,5000
Audi,A6,2017,149609,Hybrid,Manual,2.5,15849
Hyundai,Santa Fe,2023,91245,Diesel,Manual,1.6,13277
Mercedes,GLC,2023,13143,Gasoline,Automatic,4.8,32979
Ford,Explorer,2021,136821,Diesel,Automatic,4.9,7159
Honda,Odyssey,2015,119938,Gasoline,Automatic,2.2,5000
Chevrolet,Impala,2021,68312,Gasoline,Manual,1.8,11168
Mercedes,GLE,2024,101053,Electric,Automatic,2.1,27785
Audi,A3,2017,30971,Electric,Automatic,5.0,23356
Toyota,RAV4,2019,19464,Gasoline,Automatic,3.3,9865
Audi,A4,2018,127502,Gasoline,Manual,3.9,17902
Honda,Pilot,2021,149304,Gasoline,Automatic,2.0,5404
Audi,Q7,2024,100457,Hybrid,Manual,4.5,29494
Honda,Pilot,2020,142696,Hybrid,Automatic,3.9,5000
Ford,Mustang,2017,16227,Diesel,Manual,2.3,6096
Ford,Explorer,2023,27128,Electric,Automatic,2.0,16046
Audi,A6,2015,33801,Gasoline,Automatic,4.0,16869
Kia,Sorento,2017,143900,Electric,Automatic,1.6,5000
Nissan,Murano,2022,122498,Diesel,Automatic,4.5,10960
BMW,3 Series,2024,143471,Hybrid,Automatic,5.0,24357
BMW,3 Series,2023,61759,Electric,Automatic,2.0,27900
Ford,Focus,2015,35927,Gasoline,Manual,3.1,5000
Kia,Soul,2022,53760,Hybrid,Manual,4.7,14107
Mercedes,GLE,2016,34567,Electric,Manual,4.6,19155
BMW,7 Series,2023,88522,Diesel,Manual,2.5,27942
BMW,X3,2021,57363,Diesel,Manual,4.0,26374
Mercedes,C-Class,2022,81000,Diesel,Manual,4.2,25450
BMW,3 Series,2020,116898,Hybrid,Manual,3.7,22673
Toyota,Corolla,2022,60667,Diesel,Manual,4.2,12425
Mercedes,C-Class,2018,69451,Diesel,Automatic,4.5,22710
Audi,A3,2015,76817,Gasoline,Manual,3.7,16296
Audi,Q5,2023,21983,Hybrid,Manual,4.7,31381
Ford,F-150,2022,112133,Electric,Manual,3.8,10845
Toyota,Prius,2021,60429,Hybrid,Manual,4.9,9796
Ford,Mustang,2023,25937,Hybrid,Automatic,2.2,14129
Ford,F-150,2018,134135,Hybrid,Manual,1.5,5000
Ford,Escape,2015,39900,Diesel,Manual,3.4,5000
Honda,Pilot,2021,13794,Diesel,Automatic,2.4,12020
Ford,Escape,2016,130797,Diesel,Manual,1.6,5000
Kia,Optima,2024,124656,Electric,Manual,3.6,11367
Ford,F-150,2019,54362,Gasoline,Automatic,3.8,9481
Chevrolet,Impala,2024,96043,Diesel,Automatic,2.0,14563
Honda,CR-V,2018,58623,Hybrid,Automatic,2.3,8420
Nissan,Altima,2016,119998,Gasoline,Manual,4.6,5000
Honda,Civic,2015,71366,Electric,Manual,2.3,5000
Chevrolet,Malibu,2016,78619,Gasoline,Manual,2.2,5000
Nissan,Murano,2015,34585,Hybrid,Manual,2.5,5000
Chevrolet,Impala,2022,2495,Electric,Automatic,2.9,14387
Honda,Accord,2016,24463,Hybrid,Automatic,1.5,5000
Ford,Mustang,2017,103412,Hybrid,Manual,4.2,5000
Ford,Explorer,2021,68234,Gasoline,Manual,2.3,11226
Nissan,Altima,2018,135406,Diesel,Manual,2.0,5000
Mercedes,GLE,2017,143162,Gasoline,Manual,2.8,15933
Audi,A3,2024,26911,Hybrid,Automatic,3.4,30661
Nissan,Maxima,2015,6431,Gasoline,Automatic,1.9,5000
Toyota,Prius,2020,2893,Hybrid,Automatic,2.2,12255
Mercedes,GLC,2023,136267,Electric,Manual,5.0,26031
Toyota,RAV4,2021,146949,Diesel,Manual,2.3,7031
Honda,Odyssey,2022,137986,Hybrid,Automatic,1.5,7471
Kia,Sportage,2015,33313,Hybrid,Manual,2.5,5000
Ford,Focus,2015,101842,Diesel,Manual,4.9,5000
Mercedes,S-Class,2020,144411,Diesel,Automatic,2.8,21575
Kia,Forte,2015,140381,Hybrid,Automatic,2.6,5000
Honda,CR-V,2024,47080,Diesel,Automatic,2.2,14938
Audi,A4,2017,137799,Gasoline,Manual,2.6,17593
Nissan,Altima,2020,116447,Hybrid,Manual,4.4,7542
Chevrolet,Silverado,2016,11985,Electric,Manual,1.7,5000
Audi,Q5,2017,41192,Diesel,Manual,2.4,22369
Ford,F-150,2018,30101,Gasoline,Automatic,1.9,9300
Toyota,Camry,2020,114899,Diesel,Automatic,1.7,7360
Toyota,Camry,2023,123732,Diesel,Automatic,2.7,12427
Chevrolet,Silverado,2016,37963,Diesel,Automatic,3.5,5000
Ford,Escape,2022,144837,Diesel,Automatic,3.8,9885
Nissan,Altima,2018,25957,Gasoline,Automatic,3.4,6993
Nissan,Murano,2023,111104,Hybrid,Manual,5.0,12307
Ford,Escape,2022,95312,Diesel,Manual,3.5,11683
Kia,Sportage,2022,13633,Gasoline,Manual,3.6,15822
BMW,7 Series,2022,3859,Diesel,Automatic,2.8,31059
Toyota,RAV4,2017,16075,Gasoline,Manual,3.7,7545
Toyota,Camry,2021,16098,Gasoline,Automatic,2.3,14888
Ford,Focus,2018,68463,Diesel,Manual,5.0,5359
Hyundai,Kona,2015,55334,Gasoline,Manual,1.6,5000
Nissan,Rogue,2024,72467,Gasoline,Manual,2.7,13159
Audi,A3,2015,93153,Electric,Automatic,3.1,15440
BMW,X5,2015,134329,Hybrid,Manual,4.5,12648
Nissan,Murano,2021,120707,Electric,Automatic,3.5,7212
Toyota,Prius,2017,129918,Electric,Automatic,1.9,5000
Mercedes,E-Class,2015,70338,Diesel,Automatic,3.7,15098
Ford,Escape,2016,16876,Gasoline,Manual,2.6,5000
Honda,Pilot,2019,13592,Electric,Automatic,3.6,10436
Kia,Forte,2024,2816,Diesel,Automatic,3.4,19025
Honda,Civic,2016,67594,Gasoline,Manual,2.1,5000
Kia,Sportage,2016,91085,Electric,Manual,1.6,5000
Mercedes,C-Class,2018,43935,Electric,Automatic,4.3,20445
Nissan,Maxima,2023,53041,Diesel,Automatic,3.0,13086
Mercedes,C-Class,2021,49851,Hybrid,Automatic,4.2,27281
BMW,3 Series,2024,106077,Gasoline,Manual,4.2,28899
Kia,Sportage,2020,66700,Hybrid,Automatic,2.6,10245
Honda,Accord,2019,14539,Hybrid,Manual,4.3,9513
Chevrolet,Malibu,2015,86606,Hybrid,Automatic,3.7,5000
Kia,Sportage,2015,84322,Electric,Automatic,3.4,5000
Toyota,Prius,2020,99542,Diesel,Automatic,4.4,9270
Hyundai,Tucson,2023,34157,Gasoline,Manual,4.1,14510
Hyundai,Santa Fe,2016,24431,Diesel,Manual,1.8,6786
Toyota,Camry,2019,35274,Hybrid,Automatic,4.3,7656
Toyota,Camry,2019,16873,Hybrid,Automatic,4.6,8851
BMW,X3,2016,113838,Diesel,Manual,2.6,16388
Kia,Soul,2019,127302,Hybrid,Automatic,3.8,5309
Mercedes,C-Class,2023,64599,Hybrid,Automatic,3.5,26848
BMW,X5,2017,137237,Hybrid,Manual,4.7,17667
Honda,Civic,2019,49801,Hybrid,Manual,2.9,6706
Chevrolet,Impala,2018,25291,Gasoline,Manual,1.9,6602
BMW,7 Series,2017,9984,Hybrid,Automatic,2.7,22151
Mercedes,C-Class,2021,90435,Diesel,Automatic,3.1,24262
Toyota,Camry,2020,117893,Hybrid,Manual,3.4,6359
Ford,Focus,2021,131625,Gasoline,Manual,2.6,6427
Honda,Pilot,2021,61237,Electric,Manual,4.0,9923
Audi,A6,2023,85713,Gasoline,Automatic,4.9,28211
Nissan,Murano,2015,10860,Diesel,Automatic,5.0,5000
Honda,CR-V,2017,20696,Electric,Automatic,4.3,6417
Kia,Forte,2021,22792,Hybrid,Automatic,2.6,11367
Ford,Mustang,2024,98353,Diesel,Automatic,3.2,14326
Honda,Odyssey,2024,42568,Diesel,Manual,2.8,16748
Mercedes,E-Class,2015,87677,Gasoline,Manual,4.4,17375
Toyota,RAV4,2019,56242,Diesel,Manual,3.8,6526
Chevrolet,Impala,2017,70805,Gasoline,Automatic,4.6,5000
